SampleID,X,Y,Z,dist_fault,Lith_Schist,Lith_AndesiteTuff,slope,aspect,Pb,Cu,Zn,dist_to_Cu_hotspot,dist_to_Pb_hotspot,dist_to_Zn_hotspot,Cu_knn_mean,Cu_knn_std,Pb_knn_mean,Pb_knn_std,Zn_knn_mean,Zn_knn_std
1,531990.07,4417573.05,262,772.7477474,1,0,11.96599865,294.8637085,40,15,50,619.5634888,586.0081518,502.4256501,13.875,5.03580927,46.875,7.880950133,36.25,18.99835519
2,531952.17,4417602.94,246,727.6384886,1,0,12.5638361,8.47114563,40,10,25,573.5609143,560.1794386,472.9453526,13.875,5.03580927,46.875,7.880950133,36.25,18.99835519
3,531912.72,4417632.48,246,681.5597935,1,0,14.80542183,62.5255661,55,23,30,527.4524889,538.1345064,447.3151881,14.875,4.960783708,45,8.660254038,40.625,19.9119154
4,531874.49,4417660.84,256,637.4297566,1,0,17.31427002,45,35,15,50,483.6042156,520.6039434,426.7237196,15.5,4.330127019,41.875,7.880950133,46.875,19.83328957
5,531836.42,4417690.01,255,593.8288006,1,0,17.34739304,48.65222168,35,18,60,439.889431,499.8663789,409.8301839,16.5,3.31662479,38.75,8.196798155,56.875,12.48436522
6,531797.89,4417718.65,258,550.5919868,1,0,11.57177353,69.9047699,30,15,55,397.4586373,471.6394371,391.9769884,13.625,3.568525606,35.625,4.635124054,56.875,10.28879852
7,531759.45,4417747.32,256,508.3016109,1,0,11.13741779,282.3807373,30,15,55,356.4535594,446.7621892,362.32985,13.25,3.766629793,35.625,4.635124054,58.75,10.53268722
8,531720.15,4417776.82,248,466.1896458,1,0,12.9503746,281.7683105,40,5,35,316.3802176,425.2535573,336.232635,13.125,3.479852727,36.25,4.841229183,60,11.7260394
9,531682.5,4417805.05,241,427.2604969,1,0,7.299799442,23.74949646,35,15,70,280.7424104,409.1814793,316.4482785,14.5,4.949747468,36.875,4.284784125,64.375,14.23848219
10,531644.19,4417833.33,240,389.4750486,1,0,14.37464142,34.56252289,35,15,60,248.8652652,398.3086549,302.9776682,16.375,5.097487126,34.375,4.635124054,69.375,14.45629188
11,531604.82,4417863.14,239,353.2433131,1,0,16.22153473,358.1524048,35,23,80,221.3251991,392.2585524,295.9391707,19.875,3.479852727,31.25,4.145780988,76.875,8.267972847
12,531567.59,4417891.03,229,322.1432781,1,0,20.19668961,340.6409912,25,20,75,203.3331295,392.4448234,295.8299471,20.75,2.817356917,28.75,4.145780988,80,9.013878189
13,531529.21,4417918.84,212,294.0312488,1,0,11.64242363,348.1785278,25,23,80,195.7253342,392.9350134,296.4507127,23.625,6.537153432,30,8.291561976,88.125,11.43937826
14,531491.2,4417948.05,208,272.3654537,1,0,7.103453159,19.7988739,25,20,90,198.1999486,392.4780496,296.8644073,24.875,7.218682359,38.75,26.30945647,91.875,14.12831819
15,531452.16,4417977.63,209,257.3462644,1,0,9.598044395,19.44003296,25,18,90,195.1598146,393.369569,302.607303,26.125,7.131575913,43.75,25.58686186,92.5,13.91941091
16,531412.65,4418007.11,201,250.7707941,1,0,15.72506618,1.90914917,105,33,115,196.0405119,393.6265344,265.6811334,23.625,5.023382824,41.875,25.60975156,88.125,12.48436522
17,531373.36,4418035.89,198,253.2712934,1,0,4.550739288,135,35,20,90,199.9004443,400.3193391,221.4849935,24.875,6.293597938,44.375,24.55064918,85,13.91941091
18,531335.04,4418064.76,209,265.2423224,1,0,19.47328186,158.1985931,35,20,90,214.1366833,411.8550488,179.8814393,23.625,6.440836514,43.125,23.8402889,80.625,18.94688299
19,531295.98,4418093.99,235,285.1501556,1,0,23.13375282,162.7585449,40,20,70,237.9799249,428.9520869,141.893315,22.375,5.935855035,34.375,4.635124054,80.625,17.57795139
20,531257.82,4418122.74,247,311.0242804,1,0,18.37820053,198.9465027,30,23,85,267.8582485,450.0816703,112.9113351,26.125,10.76379928,33.125,5.555121511,85,22.91287847
21,531219.89,4418151.7,248,341.843553,1,0,14.1745882,248.1985931,35,18,75,302.1324936,474.8101127,99.36323293,26.125,10.76379928,33.125,5.555121511,85,22.91287847
22,532044.08,4417654.77,255,804.4233718,0,1,12.07358742,322.125,50,10,25,590.2228585,503.0925837,425.9277046,12.375,4.768057781,45.625,9.164298937,28.75,11.65922382
23,532006.25,4417684.04,243,761.8864326,0,1,11.98305893,315,60,8,20,542.9671081,474.2080416,392.3533537,13,5.361902647,46.25,8.926785536,31.875,18.36053853
24,531967.18,4417714.09,237,718.6813899,0,1,10.62530613,323.1300964,50,10,15,494.4160195,447.9789315,361.2531254,12.125,5.861687044,45.75,9.946733132,32.5,22.5
25,531928.48,4417742.45,230,676.851394,1,0,8.477647781,65.85446167,45,20,75,447.5546038,427.4170928,336.1785718,12.125,4.255511133,42,9.178779875,43.75,23.68411915
26,531890.51,4417771.39,236,636.5848455,1,0,14.24941063,94.23639679,45,13,65,400.9728985,410.658365,315.6851321,16.25,5.332682252,38.75,6.495190528,59.375,18.4454432
27,531851.87,4417800.15,247,596.7567851,1,0,14.1745882,105.0684891,35,13,65,354.4412291,390.6110371,301.8700506,15.5,5.590169944,38.125,6.091746466,66.875,6.584783596
28,531813.66,4417828.26,252,558.6586574,1,0,1.937030554,326.3099365,35,15,70,309.1977953,361.4607809,284.8049252,13.25,2.046338193,38.125,4.960783708,66.25,5.994789404
29,531774.34,4417858.02,249,521.1332848,1,0,7.556437016,278.1300964,45,10,60,262.7421045,335.0258748,251.5296341,13.25,3.766629793,37.5,3.535533906,66.25,13.16956719
30,531736.78,4417887.08,233,487.3541628,1,0,16.55677223,276.34021,40,15,75,218.977475,314.3520475,224.6840951,15.375,2.689679349,36.25,4.145780988,72.5,6.123724357
31,531698.19,4417916.11,228,455.0188742,1,0,11.75912666,255.6506653,35,18,80,176.8217979,300.2949303,205.8366101,17.875,4.910129835,35,5,75,10.30776406
32,531659.53,4417945.57,218,425.7887224,1,0,10.83079815,281.3099365,30,20,80,138.3021866,293.286601,196.9671823,21.75,3.992179856,32.5,4.330127019,83.125,4.960783708
33,531623.32,4417973.38,213,401.9206922,1,0,8.026576996,273.8140869,30,25,90,109.5431713,293.7948042,196.367937,23.875,6.827105902,33.125,7.473912964,89.375,12.10307296
34,531583.42,4418002.14,208,379.3176594,1,0,10.32206631,304.5085449,25,20,85,96.30652906,293.5142185,197.0286568,43.5,50.08243205,31.875,7.473912964,93.75,13.63589014
35,531545.69,4418030.79,199,363.6938673,1,0,6.942209244,344.3577576,50,40,115,104.8876218,294.3919612,199.7020501,50,49.24428901,34.375,10.73472752,93.75,13.40475662
36,531506.54,4418059.86,196,353.0573361,1,0,3.395092249,341.5650635,30,25,85,96.53681,294.7465895,205.8990859,71.375,106.2708068,33.75,11.11024302,86.25,13.40475662
37,531467.81,4418089.25,199,349.4866415,1,0,14.70249081,151.1443481,55,30,75,97.06086964,295.5570452,196.8537924,98.875,120.0431563,45,24.74873734,84.375,18.94688299
38,531428.07,4418119.04,222,352.504473,1,0,22.70130539,160.3461761,25,23,70,106.4065302,304.7943626,191.6107383,53.875,76.23391224,37.5,9.682458366,71.875,13.44839674
39,531389.54,4418147.72,240,361.7885515,1,0,16.0203228,141.6325073,35,35,80,133.7501964,321.0211849,143.5608286,26.125,5.988269784,38.125,9.980449639,79.375,18.2752394
40,531351.08,4418176.62,246,377.2456321,1,0,14.54420471,130.6012878,40,15,45,170.448234,343.1121421,95.43448256,26.375,11.71470764,31.25,7.806247498,77.5,30.72051432
41,531312.38,4418205.86,263,398.2594089,1,0,12.71367455,159.3045502,25,28,110,212.0682336,370.3143079,46.91155018,27.125,12.47434868,30.625,6.343057228,83.125,33.06598517
42,531275.08,4418234.28,265,423.0541942,1,0,7.338411808,236.8886566,25,50,125,254.5669647,400.3246632,0,29,14.48274836,29.375,6.343057228,88.125,35.17256566
43,532097.26,4417734.33,247,845.6899523,0,1,10.9319582,299.0546265,40,15,45,534.581189,428.6214567,361.7587978,9.875,3.295356582,41.375,10.40357511,21.875,9.980449639
44,532059.25,4417763.86,238,805.5340773,0,1,8.990552902,281.9761353,30,8,20,502.6989477,394.8497499,322.2398611,9.625,2.955397604,40.75,10.61543687,25,13.69306394
45,532019.26,4417793.77,232,764.3108951,0,1,10.42200565,289.3590088,31,5,10,473.2993951,363.9989548,284.703659,14.25,6.777720856,36.375,7.296189074,41.875,23.70884592
46,531981,4417821.98,221,725.8929444,1,0,5.681718826,351.8699036,35,13,50,431.2385692,339.1779697,253.2532443,14.625,7.069962871,35.75,6.239991987,53.125,23.44374917
47,531942.77,4417851.05,224,688.6949755,1,0,15.25201988,86.0548172,30,28,75,383.1930884,318.7122344,226.6111362,14.375,6.243746872,36.375,4.688749833,61.875,22.21169455
48,531904.57,4417879.81,239,652.9122856,1,0,24.27893448,98.97262573,40,10,70,335.3585655,304.7863317,208.0902398,15.875,5.06057062,36.25,4.145780988,70,9.354143467
49,531866.79,4417908.71,256,619.1972981,1,0,10.44186878,75.25643921,35,15,70,287.7748404,284.4004715,199.2184174,15.75,5.285593628,36.875,4.284784125,72.5,7.90569415
50,531827.6,4417938.06,257,586.1241572,1,0,2.278963804,45,35,15,75,238.7942531,251.5756924,181.2256687,15.375,4.442338911,36.875,4.284784125,70,8.660254038
51,531789.36,4417966.96,253,556.1927882,1,0,4.566446781,273.3664551,35,15,70,190.8433474,225.0159913,143.9692336,18,5.123475383,34.375,2.997394702,75,10
52,531751.21,4417996.24,252,529.1382494,1,0,11.54811668,260.7539063,30,25,85,142.7354549,205.9435035,114.5458112,23,8.660254038,38.125,12.23149112,86.25,12.43734296
53,531712.92,4418025.11,233,504.9255756,1,0,16.83434486,288.9966431,35,28,90,94.76275861,197.4528935,101.1337453,48.5,51.55821952,43.75,30.79671249,99.375,27.77560755
54,531675.1,4418053.95,224,484.6598451,1,0,13.57346153,294.0755005,35,20,100,47.18532371,200.0871735,100.5588483,50.375,49.25428281,32.5,5.590169944,98.125,13.67879289
55,531637.18,4418082,214,467.8290141,1,0,19.16271019,301.7594604,30,175,115,0,197.2096795,100.7261866,93.5,107.8749276,37.5,12.5,100.625,17.03626646
56,531599.03,4418111.25,195,455.9004137,1,0,11.71260071,322.3523865,30,65,95,48.09134981,199.7199064,108.3415391,118.75,118.6315198,33.75,6.495190528,91.25,17.80975856
57,531559.71,4418140.39,191,447.9572832,1,0,4.4392066,115.0168915,30,350,75,0,198.2097852,114.416164,119.125,118.2068499,43.75,21.61452058,80.625,16.28601778
58,531521.34,4418170.17,215,446.3671734,1,0,21.50544357,98.90171814,30,255,60,0,200.4210923,99.79332531,102.375,118.5653169,40.625,13.56408401,83.75,20.87911636
59,531482.02,4418200.08,227,449.6807225,1,0,24.65524292,97.6333313,50,28,70,49.42230753,214.7061574,108.222741,98.625,120.7331122,34.375,9.499177596,70.625,20.22336211
60,531444,4418228.42,237,457.4323441,1,0,17.02758408,40.03025818,40,30,95,96.85975996,237.8402066,113.8152986,57.625,75.52969201,38.125,10.28879852,75,29.58039892
61,531405.58,4418257.47,235,470.4138754,1,0,22.68078041,44.09061813,20,10,25,145.0447581,267.7302102,99.3821335,29.25,11.81894665,33.75,9.270248109,88.75,35.50968178
62,531366.41,4418286.83,242,487.9602282,1,0,21.9717865,35.53767776,35,38,120,194.0155967,303.1107076,105.4101051,33.875,12.10823583,30.625,7.261843774,102.5,31.12474899
63,531329.2,4418315.7,240,509.4197827,1,0,20.80004501,57.09475708,25,50,120,241.1262138,339.8866511,97.80394184,34.25,12.02861172,31.25,8.196798155,103.125,31.01788798
64,532153.69,4417820.74,245,898.623109,0,1,15.02193356,354.9868774,40,15,25,458.6104059,358.8746362,310.2645369,11.75,3.832427429,32.625,4.270172713,32.5,17.32050808
65,532115.65,4417849.82,240,861.3624617,0,1,6.510084152,9.46231842,30,8,15,422.4185852,319.4791456,265.0315157,12.375,4.635124054,31.375,3.276335606,34.375,19.27392993
66,532076.39,4417879.6,230,824.0414698,1,0,19.08158684,347.4711914,30,15,45,387.9700783,281.82822,219.7447892,13.625,4.635124054,32.625,4.270172713,51.875,32.39767546
67,532037.67,4417907.97,217,788.4005533,1,0,20.53092575,337.9320984,30,20,60,358.4196665,249.7152126,178.1285367,19.625,11.98892718,34.375,5.266343608,69.375,30.04553835
68,531998.82,4417936.52,201,754.0356278,1,0,6.818673611,348.6900635,40,18,90,333.036887,223.2228616,140.455285,23.375,10.66463197,35.625,5.266343608,83.125,21.35086357
69,531960.66,4417965.42,204,722.0092766,1,0,23.86740875,85.13548279,45,18,85,312.5488413,204.2566612,110.8112584,17.75,3.072051432,38.125,4.284784125,80,18.02775638
70,531922.75,4417994.22,231,692.0323225,1,0,21.35240364,59.74356079,40,18,90,298.3946693,195.3929658,96.98600398,18.5,4.123105626,40.625,8.454843287,81.25,22.60392665
71,531883.92,4418023.12,233,663.2804582,1,0,21.92066002,53.53076553,35,18,55,253.7664082,177.5124195,96.67760788,23.5,10.03742995,43.75,13.16956719,91.25,28.03457687
72,531845.52,4418052.41,243,637.4622263,1,0,19.70900345,43.93908691,30,13,55,210.5123974,139.0951693,95.6422602,32.75,21.02230958,51.25,30.18174117,97.5,35.79455266
73,531807.12,4418080.96,243,614.0395858,1,0,18.71916771,48.36645889,70,43,110,170.0090785,109.6038527,47.773324,36.75,19.64529206,52.5,29.89565186,101.25,34.16412592
74,531768.75,4418109.39,245,593.5262021,1,0,10.26159477,286.5570679,125,80,165,134.442875,96.3194232,0,47.125,23.9918606,72.5,44.86089611,106.875,32.7812351
75,531730.25,4418137.99,237,576.2413226,1,0,22.49223709,279.7824097,45,45,125,108.655677,105.4172465,0,52.625,24.4639403,83.125,45.82149468,115,28.28427125
76,531692.33,4418166.24,219,562.7585585,1,0,25.83789635,278.914917,65,50,130,100.7261866,96.48606425,0,75,50.12484414,113.75,110.2482993,128.75,39.90222425
77,531654.46,4418194.66,198,553.159953,1,0,15.52023792,274.8439941,35,20,85,109.2339032,105.1687988,47.36636341,54.125,32.17700071,101.25,111.2078572,117.5,38.97114317
78,531615.44,4418224.51,191,547.8238646,1,0,8.009030342,270,95,25,70,100.9450708,97.26511977,48.98843662,93.25,103.6179883,121.25,163.4539308,108.75,37.31202889
79,531576.04,4418253.59,191,546.0234141,1,0,6.344368458,62.35402679,65,38,130,99.79332531,106.484079,0,79.875,75.53713904,120.625,163.7917409,103.75,38.30388362
80,531536.45,4418282.95,194,548.7521622,1,0,11.25993252,105.018364,45,58,90,113.8318389,134.3665697,49.30783621,39.625,10.66463197,60,20.46338193,99.375,20.83229164
81,531498.48,4418311.73,212,556.0427572,1,0,15.77060795,125.537674,55,50,105,143.4495356,170.4999965,49.23116336,38.875,9.306415798,47.5,9.354143467,108.125,13.21398407
82,531459.06,4418341.19,224,567.3699885,1,0,11.54811668,148.1340179,35,35,125,182.0778576,212.8004689,0,35.5,13.27591805,45,12.99038106,95,28.28427125
83,531421.62,4418369.63,228,582.233677,1,0,11.08799458,158.9624939,40,30,100,223.0851011,255.4022199,47.03512353,36.75,8.422440264,43.75,11.92424002,110.625,9.822646028
84,531383.52,4418398.3,239,600.506729,1,0,16.97103119,177.3574524,45,33,100,266.6322954,300.033553,94.73544185,34.25,6.959705454,48.125,19.35482821,111.875,9.662265521
85,532206.52,4417900.77,235,955.5793314,1,0,6.116198063,336.8013916,30,15,35,399.5486554,311.6672723,266.0637839,13.625,3.739568825,28.75,6.495190528,40.625,29.30843522
86,532169.54,4417930.51,229,922.1084243,1,0,11.6248064,294.2277527,30,13,65,358.060715,266.538658,222.0167854,18,12.64911064,28.125,5.555121511,50.625,35.30558561
87,532129.92,4417960.54,216,887.356759,1,0,7.270699978,287.1027222,30,15,105,317.2563333,220.9235844,178.5248275,19.75,11.85063289,29.375,5.829611908,67.5,35.35533906
88,532091.74,4417988.75,209,855.1184386,1,0,13.79336834,313.4518433,35,50,105,281.3924601,179.7380263,141.3047405,20.75,11.58393284,30,7.071067812,71.875,33.7210524
89,532052.77,4418017.84,193,823.8108404,1,0,14.37464142,325.4374695,35,20,115,248.539202,141.5324585,95.62713221,24.25,10.47318003,43.75,11.65922382,102.5,16.95582496
90,532014.53,4418046.45,186,794.8065459,1,0,12.49899769,6.07245636,40,20,75,221.9472858,112.1333254,47.85059421,28,10.6653645,43.75,9.921567416,111.25,26.42796814
91,531976.22,4418075.09,183,767.6266033,1,0,23.68051529,41.53177261,60,28,130,203.2556315,98.40784309,0,30.875,16.02683297,58.125,46.69967211,118.75,55.32573994
92,531937.72,4418103.4,186,742.2337484,1,0,22.85947418,57.72435379,35,35,130,195.173602,106.9782122,0,29.625,12.19567034,49.375,24.4230296,111.875,54.42526412
93,531899,4418132.96,201,719.4863765,1,0,24.12965775,72.32389069,40,40,105,197.9219261,95.40093629,48.73265792,38.75,20.45574491,60,41.68333,100.625,24.92958834
94,531860.62,4418160.69,214,698.7779996,1,0,24.97189522,80.72740173,45,30,110,212.7449394,48.03662189,96.09218623,52,23.28089345,80.625,47.19888108,115.625,26.27231195
95,531822.19,4418189.48,232,681.2866803,1,0,19.330019,60.3501358,165,88,70,214.0470984,0,48.37110368,64.5,32.96968304,123.125,110.3669306,128.125,38.56305713
96,531783.62,4418218.64,233,666.9186825,1,0,16.98236084,42.51044846,125,75,135,200.3653661,46.781708,0,66,29.4660822,124.375,107.4254829,124.375,36.09341179
97,531745.98,4418246.39,231,655.5706673,1,0,12.77199459,335.5560303,390,130,205,182.2121232,0,0,76,40.5986453,181.875,175.7472884,126.25,45.94493987
98,531707.17,4418275.97,212,647.9041582,1,0,16.081007,291.9744873,85,60,100,143.6175801,48.59996393,48.59996393,65.375,45.67257793,175,177.3767178,112.5,58.57687257
99,531668.81,4418305.78,195,644.3230647,1,0,12.56922245,337.7509766,550,145,190,112.9223659,0,0,70.125,42.10533666,171.25,177.8649417,124.375,45.0303717
100,531629.72,4418333.99,193,642.6713315,1,0,4.241076469,124.6951523,90,48,100,99.72381787,48.22483779,48.22483779,152.375,247.0935741,145,162.6153437,119.375,29.5209142
101,531590.12,4418364.54,197,646.3692443,1,0,13.11574364,130.1009064,45,35,105,107.8462728,98.24630411,98.24630411,58,34.31471987,121.25,162.6105393,113.125,29.78438139
102,531551.84,4418392.7,216,652.3524503,1,0,22.45060921,153.7257843,55,35,115,134.4858156,134.4858156,106.1609503,36.125,8.192031189,55.625,15.29654781,104.375,15.29654781
103,531513.52,4418421.27,232,662.0677598,1,0,22.78314018,150.5725403,65,33,100,170.5247682,170.5247682,96.88124804,36,11.43459663,57.5,18.20027472,108.125,10.58817147
104,531475.34,4418450.21,247,675.433797,1,0,16.20954895,162.1496887,50,25,115,211.2092556,211.2092556,110.2716119,38.25,13.10295768,65,19.68501969,106.875,9.980449639
105,531437.32,4418479.21,257,691.9684266,1,0,18.03590202,168.3663635,90,30,115,254.2880704,254.2880704,139.7758891,39.5,13.20984481,68.75,20.27159343,104.375,10.13579671
106,532261.2,4417982.73,224,1020.55044,1,0,6.242756844,59.03624344,15,8,10,356.452062,265.1739408,205.9392018,14.625,4.608077148,22.5,6.614378278,41.25,30.2851036
107,532223.85,4418012.23,220,989.2892234,1,0,14.12759018,26.56505203,25,20,25,310.5599127,221.1003336,180.2484072,15,4.74341649,21.875,6.091746466,41.875,30.20114857
108,532183.85,4418042.27,214,956.9297974,1,0,23.13375282,342.7585449,15,10,10,263.4133473,177.4146505,140.4989158,20.125,12.36363114,28.125,15.59997997,60,41.53311931
109,532145.6,4418071.07,195,927.4776098,1,0,23.36898613,332.8786926,25,18,40,219.4662064,139.6156668,95.98589229,24.125,11.95237947,33.75,17.80975856,78.75,48.07221131
110,532107,4418099.88,182,899.2844136,1,0,4.4392066,244.9831085,65,25,115,177.4432557,96.20736639,47.80240855,27.625,16.6503566,68.125,55.10997528,116.25,68.36254457
111,532068.41,4418128.06,189,872.6229883,1,0,9.12164402,173.2901611,60,35,160,140.0877196,48.41103448,0,34,16.46207763,99.375,57.19689131,131.25,75.65340376
112,532029.98,4418157.47,187,848.4673471,1,0,14.1745882,211.3286896,180,68,250,109.8140279,0,0,49.375,31.74483226,267.5,449.944441,140.625,66.9625595
113,531992.04,4418186.83,192,826.8583278,1,0,20.71281433,223.9949188,110,53,235,95.58457144,47.99205469,0,109.25,150.7222197,426.25,607.3649541,156.875,57.65942573
114,531953.51,4418215.53,184,806.68496,1,0,3.906560183,195.9454041,35,33,95,104.8554207,96.05087799,48.06287987,98.75,152.2200299,250.625,474.5289605,143.75,64.89173676
115,531915.01,4418243.36,188,788.4757854,1,0,9.355648041,85.10090637,40,25,100,132.3031695,107.3663761,95.58420232,38.375,9.999218719,60,23.4520788,115,47.89311015
116,531876.98,4418272.18,193,773.7313269,1,0,12.49899769,83.92754364,50,28,110,168.4725436,99.24145145,107.6643091,40.875,20.38649982,64.375,41.03637868,91.25,18.83314897
117,531838.15,4418301.39,203,761.3355856,1,0,13.11061192,64.98310852,75,50,120,177.6233483,107.374315,99.13980006,38.625,18.47929585,58.75,29.76470225,92.5,35.61951712
118,531800.57,4418329.73,205,752.1894207,1,0,11.98873901,30.52970505,40,40,95,140.262657,99.66605198,99.66605198,61.375,34.20137972,99.375,111.2833517,104.375,48.4405241
119,531761.9,4418358.76,195,745.6735224,1,0,9.235664368,326.76828,30,20,15,97.7344331,97.7344331,97.7344331,146.25,248.0895756,80.625,57.79476079,90.625,31.46798969
120,531723.12,4418387.8,188,742.1977351,1,0,3.265581608,80.53767395,50,80,95,49.26844269,49.26844269,49.26844269,186.25,248.9069856,251.875,327.4612334,105.625,46.86666593
121,531683.94,4418417.64,202,742.3006058,1,0,24.03329086,157.7509766,225,800,125,0,0,0,183.25,249.3224569,200,307.6016092,95.625,36.43808962
122,531645.22,4418447.12,222,745.5993732,1,0,26.36480522,150.5241089,65,60,100,48.68414555,48.68414555,48.68414555,162.875,242.8046733,88.125,55.05324128,106.875,22.90435275
123,531607.05,4418475.53,242,751.3528925,1,0,23.97661018,152.3540192,50,28,70,96.28349052,96.28349052,95.27626144,161.625,243.7154783,94.375,52.1678481,114.375,25.3028531
124,531568.95,4418504.36,260,760.4613646,1,0,24.17645645,147.8042603,80,65,90,144.0803639,144.0803639,103.9552643,57,30.11644069,71.25,16.7238602,103.125,20.6060519
125,531530.16,4418533.4,274,772.3757465,1,0,12.84053135,143.3658905,95,55,120,192.5549532,192.5549532,131.4321502,40.125,13.19505116,67.5,20.46338193,100.625,15.49949596
126,531492.32,4418562.26,286,787.213953,1,0,12.19126415,152.8786926,85,45,95,240.1622054,240.1622054,167.6893223,43.875,13.47625226,75,23.4520788,103.125,11.43937826
127,532315.93,4418065.92,197,1090.905311,1,0,13.67170238,33.99645996,20,23,55,336.8075502,221.264609,111.1672508,23.75,20.93889921,24.375,9.822646028,70,64.80740698
128,532277.31,4418093.54,194,1060.378342,1,0,15.63350201,13.57043457,15,13,25,289.3161866,180.4606609,99.18946222,24.625,20.55442471,24.375,9.822646028,75,65.76473219
129,532236.71,4418122.86,182,1029.759671,1,0,14.31450462,342.8972778,15,15,70,239.2227378,141.8416955,96.23329628,18,4.74341649,36.875,37.99156979,65.625,39.16611258
130,532198.66,4418150.88,180,1002.672102,1,0,5.92714119,18.43495178,30,20,105,191.9524502,95.52364727,48.96543455,20.25,4.943429983,69.375,57.46942122,82.5,41.3067791
131,532159.8,4418180.64,196,977.0268993,1,0,25.86948967,138.1363525,135,25,135,142.9896712,46.55855106,0,38.875,33.28452155,260,453.0866363,136.875,94.6023751
132,532122.7,4418208.74,213,954.1160785,1,0,24.55286217,160.8209839,180,28,40,96.43268916,0,46.55855106,105.75,152.4153454,496.25,576.5346369,147.5,62.39991987
133,532083.48,4418237.96,231,931.5926,1,0,22.2090683,181.9749451,1450,125,100,47.5057054,0,47.5057054,113.375,149.0427267,488.125,573.8027617,139.375,71.8260703
134,532045.28,4418266.17,234,911.5216782,1,0,20.67193222,235.1246643,1500,500,185,0,0,0,107.125,151.3583806,433.75,602.7165067,107.5,63.1961233
135,532006.42,4418295.53,214,893.5949271,1,0,29.40505981,251.5650482,50,43,70,48.72317755,48.72317755,48.72317755,102.125,153.6574417,406.875,616.9680781,92.5,39.05124838
136,531968.8,4418323.44,204,878.1696608,1,0,29.93942451,253.9264221,75,45,80,95.58305443,95.58305443,95.58305443,92.125,154.5739609,236.25,477.8581772,93.75,41.13620668
137,531930.54,4418351.78,191,864.7792878,1,0,22.05217361,264.6854553,35,18,60,143.2139235,143.2139235,143.2139235,44.625,20.49352032,68.375,20.39569501,84.375,25.42605701
138,531891.1,4418381.83,185,854.1002445,1,0,2.738332272,78.69006348,75,53,105,114.0763324,114.0763324,143.3451425,43,21.76579886,58.75,20.11684617,85,22.36067977
139,531853.71,4418409.92,186,846.257932,1,0,5.358724117,36.86989594,85,90,90,96.71356995,96.71356995,96.71356995,164.5,239.6288797,315,456.3167759,87.5,34.73110997
140,531814.39,4418438.43,193,839.9755692,1,0,22.81117249,172.9542236,55,30,85,48.13707299,48.13707299,48.13707299,124.75,108.1570039,253.125,339.9258881,106.25,49.10129835
141,531776.29,4418467.82,210,837.9211244,1,0,30.87379837,175.0497284,1000,315,140,0,0,0,234.375,236.7545868,223.125,299.0812755,113.75,22.32571387
142,531737.11,4418497.25,223,838.0403068,1,0,25.15543175,188.6156464,90,115,120,49.02101279,49.02101279,49.02101279,215,234.7738273,224.375,298.1341718,122.5,21.06537443
143,531697.63,4418526.99,228,841.1274943,1,0,8.242594719,209.0545959,100,120,150,98.46826542,98.46826542,0,124.125,87.10831978,185,308.6867344,112.5,29.79093822
144,531659.78,4418554.84,237,846.2101455,1,0,17.63479996,111.6444397,85,130,145,110.4784282,136.159311,0,75.125,38.68603592,66.875,22.62983374,106.25,28.03457687
145,531621.38,4418584.12,252,854.9110613,1,0,22.97076607,114.8636932,45,40,105,135.8300595,171.6818565,48.30825451,68.625,33.97034552,74.375,26.86046118,113.125,22.07055448
146,531583.19,4418612.74,266,865.6909868,1,0,23.73345184,101.0702057,45,33,95,171.1378561,203.7592837,96.04993478,63,28.63564213,71.875,26.45012996,105,17.67766953
147,531545.2,4418642.57,291,880.1442718,1,0,17.62038994,106.2940521,110,58,90,211.3622864,216.7088721,144.3651153,50,12.94217911,58.75,30.69507289,99.375,11.57516199
148,532598.94,4417974.22,194,1353.782085,0,1,16.55677223,263.65979,45,8,25,626.1610907,448.4722486,334.0466606,13.625,5.266343608,37.5,7.071067812,48.75,24.71714992
149,532561.75,4418002.78,195,1320.682745,1,0,14.86322784,46.43209457,45,8,15,579.9792727,402.7162554,287.1387648,13.625,5.266343608,37.5,7.071067812,48.75,24.71714992
150,532523.73,4418031.94,192,1287.725571,1,0,18.35084343,46.1457634,30,10,30,532.9145893,356.2790854,239.2070121,15.25,5.868347297,36.25,6.495190528,58.75,30.59309563
151,532484.95,4418060.65,204,1254.898973,1,0,16.25743294,62.19853973,35,15,75,485.5210431,310.2327243,190.9393874,16.125,5.2066664,35.625,4.635124054,65.625,27.99972098
152,532448.44,4418088.44,207,1225.100252,1,0,9.235664368,33.23171234,35,23,110,440.7679139,266.9511237,145.0387674,16.125,3.822221213,33.125,2.420614591,71.25,20.87911636
153,532409.6,4418117.27,201,1194.33262,1,0,12.77199459,335.5560303,30,15,65,393.7261729,222.7182398,96.65170892,25,20.34084561,33.125,6.584783596,93.75,53.83713867
154,532370.57,4418146.67,183,1164.744953,1,0,9.791578293,317.2025757,30,18,80,346.6798152,180.0286368,47.76982308,25.625,20.09936255,33.75,6.959705454,97.5,52.97405025
155,532332.71,4418175.77,178,1137.502985,1,0,12.45011806,12.26477051,45,78,230,301.4274688,141.9015406,0,24.375,20.37730048,44.375,22.69877475,102.5,56.29165125
156,532292.2,4418205.83,172,1109.508581,1,0,3.580506563,347.0053711,40,20,85,254.2842352,95.59507208,47.59472401,27.5,20.31009601,60.625,38.52251777,142.5,99.43590901
157,532254.24,4418234.51,177,1084.95192,1,0,15.62096596,157.3062134,90,18,130,211.4267089,48.00136862,0,31.125,20.54530056,123.125,125.7959036,171.25,92.86246551
158,532215.69,4418263.08,197,1061.380659,1,0,20.71281433,136.0050812,145,38,370,170.5040461,0,0,31.125,15.99560487,170,124.3483012,162.5,87.64274071
159,532177.57,4418292.33,211,1040.188613,1,0,31.30299568,108.4349518,435,45,205,134.9039804,0,0,32.75,15.311352,170.625,124.1832693,135.625,100.2633252
160,532139.07,4418321.97,247,1020.687324,1,0,13.33427525,117.0720825,300,65,100,109.1761672,0,48.60667807,54.5,34.57961827,330.625,440.6631189,126.875,103.5596899
161,532101.08,4418350.34,252,1002.911056,1,0,3.243489265,114.4439545,70,30,55,96.95226687,47.43247161,96.036569,130.375,157.4316816,398.125,461.8910687,92.5,61.79603547
162,532062.6,4418380.55,242,987.7537427,1,0,17.19956779,270,70,28,50,105.2709712,95.99199462,115.7287367,64.875,74.71351534,182.125,192.5398903,66.875,27.03441094
163,532024.24,4418408.21,233,973.3494007,1,0,18.98036194,264.522644,65,25,40,132.7864811,105.4555935,143.6454871,31.125,7.720710783,75.25,34.91686555,65.625,27.66286997
164,531986.77,4418436.37,227,962.062349,1,0,18.75582123,237.4074249,102,30,40,96.4454734,96.4454734,145.2864148,119.25,238.59419,220.875,374.7654058,58.125,27.49289681
165,531947.63,4418466.33,233,952.9714309,1,0,31.41609192,222.5104523,30,18,45,47.13949061,47.13949061,95.97963878,159.875,238.6333157,301.5,387.263799,74.375,56.59270602
166,531909.73,4418494.33,227,945.8060238,1,0,30.78035736,232.6789703,1200,750,110,0,0,48.84094634,215.125,229.5737558,292.125,391.1653862,83.75,52.60406353
167,531870.7,4418523.66,231,941.2162909,1,0,13.99501419,160.2011261,640,295,200,0,0,0,225.375,224.4292414,290.625,393.9974421,91.875,51.47435648
168,531832.76,4418552.83,235,939.690928,1,0,16.15747833,150.9454041,180,325,105,0,0,47.87597066,283.75,194.3860527,409.375,443.6456744,100,53.26818938
169,531792.99,4418582.77,250,940.185889,1,0,21.31320381,189.6887817,175,150,115,48.55308793,0,97.67409509,170,91.99184746,150.625,194.7664868,93.75,51.21950312
170,531754.26,4418612.02,257,943.277045,1,0,23.32221794,202.380127,45,185,70,0,48.55308793,102.2015335,144.125,88.24884914,89.375,59.97069597,88.75,35.85997072
171,531716.09,4418640.12,251,948.1121387,1,0,20.37666702,225,40,70,75,47.41625704,95.96754761,102.2330464,233.25,294.468483,78.75,47.94202228,93.125,27.71929608
172,531678.11,4418669.75,253,956.7360426,1,0,13.70589447,202.619873,35,48,110,95.59633115,97.9735893,116.4079078,236.125,313.3581966,66.875,60.04880827,84.375,17.03626646
173,531640.27,4418698.78,258,967.190686,1,0,11.19273281,185.4403381,30,78,100,106.2320606,106.2320606,145.3125333,109.375,120.9451709,55.625,60.69583491,81.25,26.42796814
174,531602.34,4418727.49,263,979.528188,1,0,9.641413689,96.3401947,25,43,80,132.5250477,132.5250477,182.024892,107.875,121.4973637,64.375,62.82105041,83.125,26.45012996
175,532651.87,4418054.47,226,1417.881216,1,0,18.90150833,283.46521,45,10,30,623.5485759,423.5100537,341.5656271,12.75,4.683748499,35,9.354143467,43.125,20.30047721
176,532615.49,4418082.81,203,1387.298279,1,0,27.74987602,281.3099365,25,15,60,577.4195363,385.5613963,297.7829962,14.25,4.841229183,33.75,8.569568251,49.375,21.42392063
177,532576.7,4418112.07,184,1355.446556,1,0,19.08158493,282.5288086,40,23,80,528.8125701,336.9545048,252.2658513,14.75,4.52078533,35.625,5.829611908,58.75,19.64529206
178,532538.79,4418140.4,180,1325.234577,1,0,7.528373241,62.5255661,35,20,75,481.4689825,289.6113361,209.1742475,17.375,3.739568825,34.375,3.903123749,75.625,14.67086824
179,532501.66,4418168.21,185,1296.655227,1,0,14.0945816,57.20046997,35,15,75,435.0616607,243.2045948,169.1845427,17.375,3.739568825,35,2.5,79.375,14.88235112
180,532463.08,4418198,183,1268.349237,1,0,20.96728897,21.54097748,35,13,60,386.3022771,194.4443113,132.3029017,16.375,2.446298224,37.5,12.5,78.75,15.36025716
181,532423.4,4418227.42,171,1240.153066,1,0,4.750816345,16.38954163,35,15,95,336.8888327,145.0325211,104.4070694,25,20.49390153,43.125,11.97327754,100,51.35659646
182,532385.94,4418256.67,172,1215.318982,1,0,11.9032135,159.1455383,70,18,110,289.3491296,97.49071537,96.87883094,25.25,20.41904748,58.75,36.03383826,112.5,56.844085
183,532345.99,4418285.91,190,1189.576065,1,0,27.83595276,167.6919861,50,15,65,239.8288085,47.97729425,47.97729425,18.625,3.568525606,66.25,36.80607966,106.25,32.95356582
184,532308.24,4418315.49,207,1167.502277,1,0,14.79650497,186.115509,150,15,180,191.8586304,0,0,18.625,3.568525606,73.75,33.61082415,107.5,32.40370349
185,532268.98,4418344.48,200,1145.399812,1,0,11.13741779,192.3807678,65,23,95,143.039231,48.82225952,48.82225952,43.875,34.41089035,136.25,117.9446374,143.125,99.90425104
186,532231.67,4418373.13,209,1126.504062,1,0,15.35485935,187.853302,80,15,90,95.98135958,95.8772721,95.8772721,72.875,78.21674613,205,203.5927307,105,53.5023364
187,532192.39,4418402.61,215,1108.058532,1,0,21.70351601,111.425293,95,90,45,46.85047365,46.85047365,97.23475239,72,74.64583043,183.75,191.3888385,88.75,31.99120973
188,532155.03,4418430.85,232,1092.391512,1,0,19.64651108,99.83356476,650,260,60,0,0,105.0920941,86.625,80.14664294,274.375,348.3482229,82.5,34.00367627
189,532115.84,4418460.38,248,1077.846334,1,0,9.113988876,127.8749847,150,38,120,49.08913464,0,132.0382307,184.5,298.4241947,374.375,534.3362559,58.75,30.38811445
190,532078.53,4418488.7,252,1066.048121,1,0,11.40503216,178.6677856,40,35,95,95.94791312,46.85892722,167.3245509,190.75,295.8617709,378.125,532.4057282,57.5,31.52380053
191,532040.12,4418518.06,259,1056.075838,1,0,20.57218933,181.4320984,225,50,25,131.4422701,0,169.578224,63,42.70538608,95.25,65.02259223,55.625,32.05829651
192,532000.69,4418547.29,268,1047.424547,1,0,13.47439384,220.2363586,75,58,30,105.2951676,49.1017855,132.1715208,147.625,231.0892347,206.875,380.6239737,49.375,32.63792847
193,531963.65,4418575.59,272,1041.960502,1,0,20.70989609,225,25,155,50,97.1617647,95.73119044,106.5139295,170.125,223.9818282,202.5,382.6633638,46.25,30.59309563
194,531924.79,4418605.33,254,1038.488149,1,0,24.59161568,225,20,80,25,48.20957693,97.99570128,97.99570128,148.5,102.7411797,123.75,202.1718019,61.875,58.03756865
195,531886.8,4418634.98,262,1037.774914,1,0,17.55897713,168.0238647,15,170,35,0,98.36890731,112.5218318,141.625,87.09755665,51.25,59.04182839,42.5,26.57536453
196,531847.51,4418663.92,278,1037.974289,1,0,14.31450462,143.9726257,20,50,30,48.81674092,97.80166202,142.2192541,226.625,296.7170106,60,58.84301148,47.5,30.82207001
197,531808.28,4418693.99,285,1041.456163,1,0,10.26833248,158.7494965,120,205,55,0,94.7432204,181.477507,272.5,296.8269698,70,66.33249581,49.375,17.39926363
198,531770.16,4418722.68,293,1046.606883,1,0,13.3493681,161.5650482,100,1000,75,0,47.01477525,200.960971,248.125,307.4180531,74.375,62.970107,61.875,21.4967294
199,531732.7,4418751.06,300,1053.918489,1,0,22.1427803,244.0256042,215,425,60,0,0,196.0002545,262.625,300.9522128,75,62.54998002,64.375,28.66154872
200,531693.9,4418780.23,281,1063.426564,1,0,25.58933449,255.8276672,35,85,105,48.56085517,48.56085517,199.0585739,254.875,303.102061,80,71.06335202,62.5,30.92329219
201,531655.59,4418806.92,274,1072.926318,1,0,19.16271019,211.759491,20,93,25,95.25399992,95.25399992,214.2307244,217.375,214.0799719,69.375,73.58827607,56.875,32.20418257
228,532705.95,4418134.89,225,1486.604601,1,0,15.03506947,294.7751465,20,13,50,624.1932403,358.5045637,375.6174196,14.875,3.982383081,31.25,8.926785536,55,13.69306394
229,532669.16,4418163.32,213,1457.302115,1,0,15.74992657,273.8140869,30,15,55,577.682666,320.4064768,336.810613,15.5,3.535533906,30,7.5,60,10.60660172
230,532629.52,4418192.42,205,1426.343623,1,0,17.18097878,292.2855835,40,10,45,528.4946604,283.7101046,297.3917284,15.5,3.872983346,31.875,6.584783596,61.875,12.48436522
231,532592.83,4418220.69,172,1399.010658,1,0,21.79889107,309.2894287,35,15,70,482.1602334,252.2101078,264.0723145,15.625,2.997394702,33.125,3.479852727,65.625,11.57516199
232,532555.46,4418249.42,168,1372.199828,1,0,2.738332272,11.30992889,30,15,70,435.0059547,225.5178197,234.7009075,16.375,5.097487126,34.375,5.829611908,66.875,13.21398407
233,532516.38,4418278.47,175,1345.013519,1,0,14.64844799,170.7066956,30,20,80,386.2945605,206.5576816,210.5142693,18.875,5.03580927,33.75,6.959705454,73.75,12.18349293
234,532477.29,4418308.17,184,1319.301778,1,0,10.88782787,181.3971863,45,28,85,337.1826368,169.2739284,169.2739284,19.5,4.55521679,39.375,12.60890063,83.125,14.56397525
235,532439.84,4418336.76,185,1295.991746,1,0,15.1613512,156.5409851,40,20,75,290.0490339,133.3594347,133.3594347,20.75,3.766629793,51.875,25.36452986,90,18.20027472
236,532399.88,4418366.95,207,1272.436502,1,0,28.98567772,151.6992493,30,25,90,239.9473538,105.1407541,105.1407541,32.25,29.71426425,60.625,35.48216982,98.75,32.76335606
237,532361.42,4418396.89,230,1251.655084,1,0,26.15525055,151.4768829,55,20,100,191.1941388,97.26971007,97.26971007,32.875,29.33188325,71.875,34.90500501,99.375,31.96066919
238,532323.47,4418425.23,241,1232.097448,1,0,21.49159241,192.3807678,70,110,95,143.8120109,110.8346979,97.42207075,36.375,30.14107455,61.25,20.27159343,94.375,21.85713556
239,532285.57,4418453.82,247,1214.249664,1,0,22.72180367,195.592804,95,25,70,96.31945515,96.31945515,49.92950096,66.25,50.3580927,193.75,324.0731978,87.5,30.31088913
240,532245.72,4418483.87,253,1197.223599,1,0,25.02518082,202.442749,60,55,145,46.38998546,46.38998546,0,211.625,288.4566421,468.125,579.7679358,70.625,32.82886497
241,532208.65,4418511.73,257,1183.002874,1,0,21.22322464,217.146698,1050,170,50,0,0,46.38998546,203.5,292.6807134,481.875,570.9418616,79.375,35.83272771
242,532169.4,4418541.52,257,1169.946021,1,0,13.74485111,237.5288086,1700,950,35,0,0,95.6836135,175.125,296.8275752,398.125,588.3023112,75,38.72983346
243,532132.19,4418569.89,257,1159.452671,1,0,12.54226494,124.6951523,120,110,55,46.80959085,46.80959085,142.4928892,175.375,296.6074584,403.75,587.1687896,46.875,24.61421083
244,532094.29,4418598.82,278,1150.648686,1,0,19.48278236,141.4588165,25,28,30,94.50777219,94.50777219,190.1908462,164.875,297.8247964,281.875,539.692838,45.625,26.62676051
245,532054.68,4418628.26,295,1142.934507,1,0,13.19244576,160.1148376,40,35,15,99.40815073,111.2007713,211.7180325,87.375,56.39356679,41.875,34.81536119,38.75,20.11684617
246,532017.3,4418657.02,299,1138.299591,1,0,9.444565773,220.4260712,20,63,80,98.94997534,140.8758552,198.2596816,86.75,52.5565172,22.5,7.5,34.375,20.06824295
247,531978.05,4418686.49,293,1134.962226,1,0,15.63350201,219.5596619,15,55,20,99.1785123,179.5726274,195.1079803,95.75,55.98381463,19.375,8.07677999,32.5,19.52562419
248,531940.65,4418715.73,295,1134.677029,1,0,13.1311245,239.8264771,15,93,20,97.09628871,195.4642288,204.4903079,101.125,51.80115226,17.5,5,39.375,18.61409076
249,531900.77,4418745,284,1134.989996,1,0,8.009030342,216.8699036,15,65,25,105.664902,168.2444152,179.8697548,81.375,49.79693138,35,32.9772649,39.375,17.21872164
250,531861.66,4418775.01,286,1138.494809,1,0,6.116198063,203.1985931,30,80,45,94.54812607,131.2159546,141.0918343,217.25,300.3630095,46.875,37.74399787,45,16.77050983
251,531823.82,4418803.53,290,1143.453602,1,0,8.70599556,152.650116,35,70,50,47.14612488,95.77588876,112.2891616,269.375,297.0420583,80,71.15124735,45,16.95582496
252,531786.37,4418832.14,300,1150.605889,1,0,9.960208893,124.1144714,40,175,35,0,48.63085985,98.72865883,238.75,205.7266086,72.5,71.76350047,61.25,39.82383081
253,531747.46,4418861.28,307,1159.491394,1,0,10.9884119,142.8533173,175,140,20,47.14051704,0,107.4483178,197.25,197.2826335,47.5,48.86205071,53.75,43.28322423
254,531710.04,4418889.92,313,1170.449024,1,0,15.49071026,203.9624939,15,700,30,0,47.14051704,133.060604,194.125,199.4595432,46.875,49.0495604,50,44.72135955
281,532760.35,4418217.43,216,1559.191527,1,0,16.5216713,341.5650635,20,18,65,625.5303197,309.050853,402.2140785,17.125,8.908387901,23.125,9.980449639,56.25,8.926785536
282,532723.42,4418244.51,202,1530.987642,1,0,21.08725929,341.5650635,30,15,55,580.2199704,266.2979997,358.1729817,17.375,8.816709987,24.375,10.13579671,56.875,8.637671851
283,532684.1,4418274.52,187,1502.275116,1,0,19.52388573,322.5238037,25,13,50,531.5448703,221.0661567,310.869267,14.875,2.420614591,30.625,6.817945072,56.875,8.267972847
284,532648.01,4418301.42,170,1476.675393,1,0,12.56922245,292.2490234,30,15,55,487.2897292,182.1197605,268.6963461,15.75,3.596873642,29.375,5.829611908,58.75,7.806247498
285,532609.79,4418330.69,165,1450.876421,1,0,3.395092249,71.56504822,25,15,50,440.2712889,144.0020577,224.5437924,16.375,3.838538133,28.125,4.284784125,59.375,9.822646028
286,532571.52,4418360.37,177,1426.348981,1,0,21.98789787,120.7354889,20,25,55,393.3245842,113.3723375,182.0275545,17.875,3.7562448,38.75,27.2431184,66.25,22.04399011
287,532532,4418390.33,201,1402.042724,1,0,17.69229317,138.5763397,35,15,60,345.5222011,98.75648186,142.844934,21.375,4.442338911,65,57.22761571,75.625,22.97246994
288,532493.88,4418418.72,211,1379.658521,1,0,19.0880928,147.171463,110,20,120,300.1278702,107.1500524,113.5991212,36.625,39.20758058,75,54.37140793,81.25,21.32340264
289,532454.31,4418449.28,229,1358.30617,1,0,21.70351601,158.574707,45,25,100,253.5717089,111.8307553,98.60285369,21.625,3.672107705,59.375,27.8878894,94.375,20.83229164
290,532416.55,4418478.3,242,1339.284668,1,0,15.82010937,155.5560455,70,25,90,210.6521453,98.07851565,98.07851565,23.5,9.394147114,95.625,84.61078167,107.5,22.63846285
291,532377.48,4418507.56,260,1320.719924,1,0,23.02360725,132.3162231,35,18,70,168.9468989,107.1940211,98.17303595,38,28.26216552,63.125,30.09749782,90,19.36491673
292,532339.94,4418535.97,276,1304.520518,1,0,14.89866924,130.7108459,45,45,105,133.560668,112.3033968,98.58712557,26.5,8.124038405,62.5,32.11308145,112.5,64.37196595
293,532300,4418566.11,278,1288.90185,1,0,6.477291584,218.2901611,25,33,65,106.3520755,97.98366506,97.98366506,48.625,47.64697656,203.75,335.2960446,108.75,65.37153432
294,532263.36,4418594.1,280,1276.341951,1,0,12.0057621,221.4236603,30,20,100,98.92207833,98.92207833,105.8735815,46.375,47.49720387,201.25,336.4497548,103.75,63.92133838
295,532223.81,4418623.94,278,1264.294167,1,0,13.55865383,256.5042725,40,15,70,98.79809063,98.79809063,133.1845439,150.375,303.5802767,255,546.8946425,74.375,22.56068206
296,532187.03,4418652.57,273,1255.333976,1,0,10.39545822,175.6012878,30,25,70,97.20423236,97.60213662,168.0099659,57.875,59.30100653,65.625,57.14222935,71.875,24.86683283
297,532149.41,4418681.04,282,1247.338452,1,0,18.1751976,126.8698959,50,25,95,50.00754687,105.6570856,208.3236589,69.25,70.30069345,52.5,55.05678886,58.75,24.59039447
298,532109.5,4418711.14,301,1240.689174,1,0,9.876282692,117.2553253,15,195,30,0,133.3233652,253.6741296,95.375,78.1407984,27.5,11.7260394,56.875,28.49753279
299,532071.97,4418739.45,304,1236.254374,1,0,8.009030342,143.1300964,20,185,35,0,141.736367,290.1073352,150.125,123.4670376,26.25,13.16956719,62.5,24.74873734
300,532032.62,4418769.26,312,1233.613116,1,0,17.5336113,185.9644775,15,205,40,0,111.2964751,240.721635,168,140.2364075,22.5,13.22875656,42.5,19.68501969
301,531994.52,4418797.93,320,1232.782164,1,0,17.46088219,200.0560913,15,78,50,47.70053873,98.02351614,193.021337,274.25,325.0706654,42.5,49.81214711,50,16.95582496
302,531955.42,4418828.35,316,1234.669408,1,0,19.59318352,251.5650482,30,33,70,96.10124685,106.7057789,143.4676362,240.75,315.1911127,40,49.49747468,55,19.36491673
303,531916.56,4418857.87,306,1237.905413,1,0,17.06140327,231.2034454,20,50,55,47.28360209,134.3496438,94.64885389,128.875,79.49282593,26.25,5.994789404,74.375,31.56714075
304,531878.54,4418885.95,313,1242.226553,1,0,15.35485935,187.853302,30,200,50,0,133.4330252,47.36663857,126,77.54514814,27.5,5.590169944,64.375,35.39398784
305,531840.76,4418914.49,316,1248.844029,1,0,12.64970398,190.8403015,35,235,145,0,107.4483178,0,133.125,79.37007859,27.5,7.071067812,54.375,37.7853725
306,531802.04,4418943.58,321,1257.298504,1,0,5.681718826,188.1300964,25,80,20,48.44879185,98.7918526,48.44879185,186.625,205.8421346,43.75,49.98437256,50,39.60744879
307,531764.72,4418971.55,326,1267.085745,1,0,6.162529469,145.6196594,30,45,20,95.10486035,111.6559121,95.10486035,164.75,212.4510238,41.875,50.74060874,46.875,40.46120827
334,532814.79,4418299.31,204,1634.381596,1,0,13.55371475,307.0928345,5,13,75,642.5320396,286.8899106,383.9322963,18.125,8.491723912,25.625,11.30196333,60.625,7.68012858
335,532778.68,4418327.02,192,1608.605212,1,0,8.477647781,282.7243652,15,40,55,599.4414474,241.3562533,338.398712,18.125,8.491723912,25.625,11.30196333,60.625,7.68012858
336,532738.95,4418356.57,188,1580.950935,1,0,10.67708492,275.7105713,40,18,65,552.7469185,191.8251613,288.867371,17.5,8.660254038,26.875,11.16285694,59.375,7.68012858
337,532704.19,4418383.63,180,1558.08827,1,0,15.03506947,294.7751465,40,13,65,512.0277303,147.7603273,244.8027919,18.375,8.513775602,29.375,7.68012858,56.25,5.448623679
338,532665.19,4418412.67,168,1533.020443,1,0,10.9319582,150.9454041,30,13,55,467.3442947,99.11921735,196.1614257,17.75,4.264680527,51.875,56.343672,57.5,5
339,532626.17,4418442.41,181,1509.378918,1,0,18.91468048,149.5742188,30,20,55,423.3992896,50.03875858,147.0810661,33,40.66632514,57.5,56.56854249,61.25,11.65922382
340,532586.38,4418472.72,202,1486.545458,1,0,17.35841751,117.7185059,200,23,60,379.8860757,0,97.04246888,35.125,39.84795321,75,56.95392875,77.5,28.17356917
341,532548.44,4418500.95,207,1465.717885,1,0,15.79125595,84.28940582,80,140,90,340.0926025,47.30864808,49.7368914,34.75,40.0679111,113.125,90.41354641,95,32.88236609
342,532509.03,4418531.26,225,1445.896571,1,0,19.71835518,83.99099731,95,25,125,301.1307961,47.54841807,0,36.375,39.44596779,128.75,80.88379009,107.5,26.2202212
343,532471.03,4418559.81,234,1427.810557,1,0,18.55475807,82.77568054,310,10,150,266.8521565,0,0,36.125,39.55514347,104.375,81.64088666,128.125,60.36024664
344,532432.1,4418589.09,247,1410.721375,1,0,13.06947517,81.86989594,120,23,125,236.5539895,48.73090508,0,25.25,9.653367288,137.5,112.832841,150.625,72.56193475
345,532394.96,4418617.73,252,1396.217259,1,0,18.41913795,89.19306946,80,23,275,214.4365029,49.77723155,0,26.875,10.04287683,125.625,120.1935288,145,76.60776723
346,532354.89,4418647.23,281,1381.337804,1,0,21.77169991,99.46232605,345,33,265,199.4421782,0,0,29,7.566372975,91.875,99.93552609,143.125,74.91401321
347,532317.92,4418675.94,287,1370.013489,1,0,7.182662964,135,45,30,105,197.3195407,46.82672733,46.82672733,28.375,9.486009435,100.625,105.8429704,129.375,83.38305808
348,532278.77,4418705.7,291,1359.254531,1,0,4.628733635,259.9920044,45,25,105,169.422999,47.36260167,96.02152286,28.625,9.36666296,96.875,106.9151971,106.875,62.54685744
349,532240.8,4418733.98,284,1350.052329,1,0,7.172811508,243.4349518,195,48,50,133.3233652,0,143.3806323,28.875,8.823795952,60,51.4781507,84.375,18.10343545
350,532203.81,4418762.04,285,1342.995505,1,0,10.52746964,169.8244934,45,33,90,97.35839596,46.44667957,189.8272895,100.125,132.4730515,56.875,53.32315984,76.25,23.5518046
351,532163.69,4418792.71,300,1337.297531,1,0,20.72155952,132.990448,30,30,90,46.83886141,96.96620749,240.346821,179.5,175.2876208,56.875,53.90602355,68.125,24.35896909
352,532126.39,4418821.01,318,1333.533671,1,0,22.68848038,136.8182983,45,420,80,0,96.79985813,287.1856454,327.25,313.9314217,49.375,47.7256155,61.875,23.31007025
353,532086.95,4418851.23,334,1331.567385,1,0,16.081007,158.0254822,55,500,75,0,47.09688501,254.2861295,339.125,306.6172033,46.875,48.4082573,65,21.50581317
354,532049.14,4418879.28,342,1330.683463,1,0,12.18568897,182.489563,170,1050,55,0,0,211.4156933,330.125,311.9220405,47.5,48.08846015,68.75,17.63341997
355,532009.66,4418908.38,345,1331.383161,1,0,13.47936726,210.5792236,25,245,95,0,49.06470305,169.0759869,287,321.7619462,45,48.60555524,65.625,17.57795139
356,531970.06,4418938.86,343,1334.989841,1,0,12.03407478,230.3558197,25,110,85,46.87790144,99.05060599,131.6275444,246,314.1428815,42.5,48.34769901,65,17.32050808
357,531932.22,4418966.5,339,1338.888431,1,0,17.10262489,232.4314117,20,230,40,0,145.9250154,105.2547168,145.375,85.16739033,24.375,5.266343608,73.125,32.68576716
358,531894.4,4418995.45,335,1345.573846,1,0,19.19826126,207.2553253,20,50,70,47.64676045,193.5690127,97.15495352,121.625,81.59187689,23.75,5.994789404,60,37.91437722
359,531856.02,4419023.04,339,1352.436255,1,0,12.71367455,223.3153229,20,43,45,94.92203458,194.887158,109.6598751,113.5,85.48830329,24.375,6.343057228,51.875,38.64400827
360,531817.56,4419053.29,330,1363.298621,1,0,11.25993252,313.0908508,15,25,25,140.7801047,204.4853423,140.7801047,113.5,85.48830329,24.375,6.343057228,51.875,38.64400827
